#chrom	start	end	ref	alt	strand	regionid
chr11	57667823	57667824	G	C	+	rs11602109
chr11	109521686	109521687	G	A	+	rs11604254
chr11	57729538	57729539	C	A	+	rs11604325
chr11	57667738	57667739	G	T	-	rs11606396
chr14	99246607	99246608	T	T	-	rs11624408
chr15	84094983	84094984	T	T	-	rs11637533
chr15	84035121	84035122	T	G	-	rs11637666
chr15	84163897	84163898	C	T	-	rs11639244
chr16	9799485	9799486	G	A	-	rs11643173
chr16	9818785	9818786	C	T	+	rs11645219
chr2	57760457	57760458	T	A	+	rs11682175
chr2	224528455	224528456	C	G	+	rs11688397
chr3	17780700	17780701	T	T	-	rs11709790
chr5	138502432	138502433	T	C	-	rs11750854
chr15	61547460	61547461	T	C	-	rs11853920
chr17	2273237	2273238	A	T	+	rs11869805
chr17	2273233	2273234	G	C	+	rs11872068
chr19	49592703	49592704	T	A	+	rs11878568
chr2	232772211	232772212	T	C	+	rs11893358
chr5	61329130	61329131	G	A	-	rs11954859
chr1	98029049	98029050	T	C	-	rs1198574
chr1	73395137	73395138	G	A	+	rs12031120
chr1	73395135	73395136	T	G	-	rs12038096
chr7	105322616	105322617	A	A	-	rs1204060
chr7	105343571	105343572	A	G	-	rs1204077
chr7	105348400	105348401	T	C	-	rs1204080
chr1	150030334	150030335	T	G	+	rs12063281
chr1	97976331	97976332	T	G	+	rs12067567
chr1	97980637	97980638	C	A	-	rs12077962
chr1	73383301	73383302	G	C	+	rs12120214
chr1	207819200	207819201	C	T	-	rs12123251
chr1	150182111	150182112	A	C	-	rs12124898
chr1	73383303	73383304	T	G	-	rs12127629
chr1	73383260	73383261	G	A	-	rs12135094
chr11	124742262	124742263	C	T	-	rs12278912
chr11	124742813	124742814	T	A	+	rs12287365
chr12	2285614	2285615	T	T	-	rs12311439
chr12	2237663	2237664	T	C	+	rs12315711
chr7	105355179	105355180	T	A	+	rs12334245
chr9	82128492	82128493	C	A	-	rs12338960
chr9	82128521	82128522	A	T	+	rs12347979
chr1	207802930	207802931	C	A	-	rs12401619
chr15	78634383	78634384	G	A	-	rs12440014
chr16	58637910	58637911	A	G	+	rs12446487
chr19	19321153	19321154	C	C	-	rs12460764
chr2	161946482	161946483	G	C	+	rs12474587
chr3	17811428	17811429	C	C	-	rs12495352
chr8	59739926	59739927	A	G	-	rs12549329
chr16	68094200	68094201	T	-	-	rs12599178
chr5	109707527	109707528	G	T	-	rs12656748
chr7	105356024	105356025	A	T	+	rs12668097
chr7	105359087	105359088	G	T	-	rs12671047
chr16	29925332	29925333	T	-	-	rs12716972
chr16	29926330	29926331	C	T	-	rs12716973
chr1	207833403	207833404	T	C	-	rs12749612
chr10	18455075	18455076	C	A	+	rs12774837
chr12	29782462	29782463	G	T	-	rs12811019
chr12	123244154	123244155	G	A	+	rs12817892
chr12	123244191	123244192	C	A	-	rs12818067
chr12	57228587	57228588	C	A	-	rs12826178
chr14	103551455	103551456	G	A	+	rs12893668
chr14	103568954	103568955	G	C	+	rs12894729
chr16	29932045	29932046	T	G	+	rs12919683
chr16	29932137	29932138	C	A	+	rs12933498
chr16	9814518	9814519	C	C	-	rs12934281
chr17	2257559	2257560	T	G	-	rs12938295
chr17	2253615	2253616	C	T	+	rs12950555
chr2	161959656	161959657	G	T	+	rs13011013
chr2	161966198	161966199	G	T	+	rs13021985
chr20	49508477	49508478	C	A	-	rs13039739
chr3	17814620	17814621	G	T	+	rs13062642
chr3	52698412	52698413	A	C	+	rs13081155
chr5	138519234	138519235	A	C	-	rs13155345
chr5	138505170	138505171	A	T	+	rs13164092
chr7	111277629	111277630	G	T	-	rs13239254
chr10	18451941	18451942	C	A	+	rs1325989
chr8	4325534	4325535	T	G	-	rs13261217
chr8	142235608	142235609	T	G	-	rs13262595
chr8	4324996	4324997	C	-	+	rs13269120
chr15	78621887	78621888	A	T	+	rs13329271
chr16	9827606	9827607	A	G	-	rs13336666
chr6	72445998	72445999	C	A	+	rs1339227
chr22	42279954	42279955	C	-	-	rs134892
chr8	88555030	88555031	T	T	-	rs1352317
chr8	88554673	88554674	C	A	-	rs1352318
chr15	70294277	70294278	T	G	+	rs1355585
chr11	109511965	109511966	G	T	+	rs1371330
chr11	109511851	109511852	C	C	-	rs1371331
chr2	199336847	199336848	G	G	-	rs1374356
chr2	199336881	199336882	A	C	+	rs1374357
chr1	73310887	73310888	A	T	+	rs140930533
chr15	70288720	70288723	AAT	TCG	+	rs141373620
chr16	9820561	9820562	G	G	-	rs1420045
chr3	17846763	17846764	G	T	-	rs1430904
chr1	150158787	150158788	G	A	+	rs143570918
chr1	150065773	150065774	C	A	-	rs143734333
chr8	142238757	142238758	G	G	-	rs143746535
chr11	109507711	109507712	A	C	+	rs1439519
chr1	150172305	150172306	A	C	+	rs145192635